<keymap version="1" name="Emacs copy" parent="Emacs">
  <action id="$Copy">
    <keyboard-shortcut first-keystroke="alt w" />
  </action>
  <action id="$Paste">
    <keyboard-shortcut first-keystroke="ctrl y" />
  </action>
  <action id="$Undo">
    <keyboard-shortcut first-keystroke="ctrl alt u" />
  </action>
  <action id="ActivateDatabaseToolWindow">
    <keyboard-shortcut first-keystroke="alt d" />
  </action>
  <action id="ActivateTerminalToolWindow">
    <keyboard-shortcut first-keystroke="alt t" />
  </action>
  <action id="AutoIndentLines">
    <keyboard-shortcut first-keystroke="ctrl alt q" />
  </action>
  <action id="ChangesView.GroupBy.Module" />
  <action id="ChangesView.SetDefault" />
  <action id="ChangesView.UnshelveSilently" />
  <action id="ClassNameCompletion" />
  <action id="CloseAllEditors" />
  <action id="CloseContent">
    <keyboard-shortcut first-keystroke="ctrl x" second-keystroke="ctrl c" />
  </action>
  <action id="CloseProject">
    <keyboard-shortcut first-keystroke="ctrl alt back_space" />
  </action>
  <action id="CollapseAll">
    <keyboard-shortcut first-keystroke="ctrl subtract" />
  </action>
  <action id="CollapseAllRegions">
    <keyboard-shortcut first-keystroke="shift ctrl minus" />
  </action>
  <action id="CollapseExpandableComponent">
    <keyboard-shortcut first-keystroke="shift enter" />
    <keyboard-shortcut first-keystroke="ctrl subtract" />
  </action>
  <action id="CollapseRegion">
    <keyboard-shortcut first-keystroke="ctrl minus" />
  </action>
  <action id="CollapseRegionRecursively">
    <keyboard-shortcut first-keystroke="ctrl alt minus" />
  </action>
  <action id="CommentByBlockComment">
    <keyboard-shortcut first-keystroke="shift ctrl alt comma" />
  </action>
  <action id="CommentByLineComment">
    <keyboard-shortcut first-keystroke="shift alt comma" />
  </action>
  <action id="Console.TableResult.MaximizeEditingCell" />
  <action id="Editor Copy">
    <keyboard-shortcut first-keystroke="alt w" />
  </action>
  <action id="Editor Undo">
    <keyboard-shortcut first-keystroke="ctrl alt u" />
  </action>
  <action id="EditorKillRingSave" />
  <action id="EditorKillToWordEnd" />
  <action id="EditorNextWord">
    <keyboard-shortcut first-keystroke="ctrl right" />
    <keyboard-shortcut first-keystroke="escape" second-keystroke="ctrl f" />
  </action>
  <action id="EditorSelectWord">
    <keyboard-shortcut first-keystroke="ctrl alt space" />
  </action>
  <action id="EditorTextStart">
    <keyboard-shortcut first-keystroke="ctrl home" />
    <keyboard-shortcut first-keystroke="escape" second-keystroke="comma" />
  </action>
  <action id="EditorToggleShowLineNumbers">
    <keyboard-shortcut first-keystroke="ctrl alt l" />
  </action>
  <action id="EditorToggleStickySelection">
    <keyboard-shortcut first-keystroke="ctrl space" />
  </action>
  <action id="ExpandAllRegions">
    <keyboard-shortcut first-keystroke="shift ctrl plus" />
  </action>
  <action id="ExpandRegion">
    <keyboard-shortcut first-keystroke="ctrl plus" />
  </action>
  <action id="ExpandRegionRecursively">
    <keyboard-shortcut first-keystroke="ctrl alt plus" />
  </action>
  <action id="ExternalSystem.CollapseAll">
    <keyboard-shortcut first-keystroke="ctrl subtract" />
  </action>
  <action id="ExtractFunction" />
  <action id="ExtractFunctionToScope" />
  <action id="ExtractMethod" />
  <action id="FindNext">
    <keyboard-shortcut first-keystroke="f3" />
  </action>
  <action id="GenerateConstructor">
    <keyboard-shortcut first-keystroke="f10" />
  </action>
  <action id="GotoClass">
    <keyboard-shortcut first-keystroke="alt c" />
  </action>
  <action id="GotoDeclaration">
    <keyboard-shortcut first-keystroke="alt period" />
    <mouse-shortcut keystroke="control button1" />
  </action>
  <action id="GotoFile">
    <keyboard-shortcut first-keystroke="alt f" />
  </action>
  <action id="GotoImplementation">
    <keyboard-shortcut first-keystroke="alt i" />
  </action>
  <action id="GotoSymbol">
    <keyboard-shortcut first-keystroke="alt s" />
  </action>
  <action id="GuiDesigner.QuickJavadoc">
    <mouse-shortcut keystroke="alt button2" />
  </action>
  <action id="Images.Editor.ZoomOut">
    <keyboard-shortcut first-keystroke="ctrl subtract" />
  </action>
  <action id="IntroduceConstant" />
  <action id="Maven.CollapseAll">
    <keyboard-shortcut first-keystroke="ctrl subtract" />
  </action>
  <action id="NewClass">
    <keyboard-shortcut first-keystroke="ctrl alt c" />
  </action>
  <action id="ProblemsView.CollapseAll">
    <keyboard-shortcut first-keystroke="ctrl subtract" />
  </action>
  <action id="QuickJavaDoc">
    <mouse-shortcut keystroke="alt button2" />
  </action>
  <action id="Run">
    <keyboard-shortcut first-keystroke="ctrl alt r" />
  </action>
  <action id="ShowReformatFileDialog">
    <keyboard-shortcut first-keystroke="alt l" />
  </action>
  <action id="ShowUmlDiagramPopup" />
  <action id="Table-selectFirstRow">
    <keyboard-shortcut first-keystroke="ctrl home" />
    <keyboard-shortcut first-keystroke="escape" second-keystroke="comma" />
  </action>
  <action id="TodoViewGroupByFlattenPackage" />
  <action id="TodoViewGroupByShowModules" />
  <action id="ToggleBookmark" />
  <action id="ToggleFullScreen">
    <keyboard-shortcut first-keystroke="f11" />
  </action>
  <action id="Tree-selectFirst">
    <keyboard-shortcut first-keystroke="ctrl home" />
    <keyboard-shortcut first-keystroke="escape" second-keystroke="comma" />
  </action>
  <action id="UsageGrouping.Module" />
  <action id="Vcs.Log.ShowTooltip">
    <mouse-shortcut keystroke="alt button2" />
  </action>
  <action id="ViewMainMenu">
    <keyboard-shortcut first-keystroke="ctrl alt m" />
  </action>
  <action id="ViewToolButtons">
    <keyboard-shortcut first-keystroke="ctrl alt b" />
  </action>
</keymap>