<keymap version="1" name="KDE copy" parent="Default for KDE">
  <action id="$Copy">
    <keyboard-shortcut first-keystroke="ctrl c" />
  </action>
  <action id="ActivateTerminalToolWindow">
    <keyboard-shortcut first-keystroke="alt t" />
  </action>
  <action id="CommentByBlockComment">
    <keyboard-shortcut first-keystroke="shift ctrl alt comma" />
  </action>
  <action id="CommentByLineComment">
    <keyboard-shortcut first-keystroke="shift alt comma" />
  </action>
  <action id="NewElementInMenuGroup">
    <keyboard-shortcut first-keystroke="ctrl insert" />
  </action>
  <action id="Terminal.CopySelectedText">
    <keyboard-shortcut first-keystroke="shift ctrl c" />
    <keyboard-shortcut first-keystroke="ctrl c" />
  </action>
</keymap>